{"cameraMode":{"drawMode":0,"name":"Shaded","section":"Shading Mode"},"sceneLighting":true,"audioPlay":false,"sceneViewState":{"m_AlwaysRefresh":false,"showFog":true,"showSkybox":true,"showFlares":true,"showImageEffects":true,"showParticleSystems":true,"showVisualEffectGraphs":true,"m_FxEnabled":true},"in2DMode":false,"pivot":{"x":0.009010886773467064,"y":1.8295402526855469,"z":-46.70134353637695},"rotation":{"x":0.019496316090226175,"y":-0.015600047074258328,"z":0.0003080368915107101,"w":0.999699056148529},"size":1.618087649345398,"orthographic":false}