{"cameraMode":{"drawMode":0,"name":"Shaded","section":"Shading Mode"},"sceneLighting":true,"audioPlay":false,"sceneViewState":{"m_AlwaysRefresh":false,"showFog":true,"showSkybox":true,"showFlares":true,"showImageEffects":true,"showParticleSystems":true,"showVisualEffectGraphs":true,"m_FxEnabled":true},"in2DMode":false,"pivot":{"x":1.282318115234375,"y":7.730831146240234,"z":-39.463226318359378},"rotation":{"x":-0.03898552060127258,"y":0.015884999185800554,"z":0.0006085278582759202,"w":0.9991288185119629},"size":33.446353912353519,"orthographic":false}