{"cameraMode":{"drawMode":0,"name":"Shaded","section":"Shading Mode"},"sceneLighting":true,"audioPlay":false,"sceneViewState":{"m_AlwaysRefresh":false,"showFog":true,"showSkybox":true,"showFlares":true,"showImageEffects":true,"showParticleSystems":true,"showVisualEffectGraphs":true,"m_FxEnabled":true},"in2DMode":false,"pivot":{"x":1.995326042175293,"y":10.797358512878418,"z":-0.903045654296875},"rotation":{"x":-0.008999115787446499,"y":0.011396636255085469,"z":0.00009125672659138218,"w":0.9999098181724548},"size":54.586856842041019,"orthographic":false}