{"cameraMode":{"drawMode":0,"name":"Shaded","section":"Shading Mode"},"sceneLighting":true,"audioPlay":false,"sceneViewState":{"m_AlwaysRefresh":false,"showFog":true,"showSkybox":true,"showFlares":true,"showImageEffects":true,"showParticleSystems":true,"showVisualEffectGraphs":true,"m_FxEnabled":true},"in2DMode":false,"pivot":{"x":4.255882263183594,"y":2.1435165405273439,"z":5.673402786254883},"rotation":{"x":0.19786694645881654,"y":0.05525052919983864,"z":-0.011166353709995747,"w":0.9786214232444763},"size":53.183841705322269,"orthographic":false}