{"cameraMode":{"drawMode":0,"name":"Shaded","section":"Shading Mode"},"sceneLighting":true,"audioPlay":false,"sceneViewState":{"m_AlwaysRefresh":false,"showFog":true,"showSkybox":true,"showFlares":true,"showImageEffects":true,"showParticleSystems":true,"showVisualEffectGraphs":true,"m_FxEnabled":true},"in2DMode":false,"pivot":{"x":-0.16003447771072389,"y":4.398117542266846,"z":-46.706016540527347},"rotation":{"x":0.2825233042240143,"y":0.022443018853664399,"z":-0.006606534123420715,"w":0.9589897990226746},"size":4.834437370300293,"orthographic":false}